run,embedding_model,model,method,Loss,AUPRC,AUROC,Recall,Precision,Accuracy
training,SkipGram,MLP,hadamard,0.1207144483923912,0.9846212267875671,0.9882177710533142,0.9472189545631409,0.9603322744369507,0.9614803194999695
validation,SkipGram,MLP,hadamard,0.171893909573555,0.9848228693008423,0.9897279143333435,0.9783798456192017,0.9203059077262878,0.9554327726364136
training,SkipGram,MLP,average,0.09989295899868011,0.9887206554412842,0.9924173355102539,0.9575386643409729,0.9629696607589722,0.9667735695838928
validation,SkipGram,MLP,average,0.11638978868722916,0.9891929030418396,0.9930846691131592,0.9613147974014282,0.9661341905593872,0.96966552734375
training,SkipGram,MLP,weightedL1,0.13434553146362305,0.9818655252456665,0.9863086342811584,0.9400656819343567,0.9530959725379944,0.9554930925369263
validation,SkipGram,MLP,weightedL1,0.14280737936496735,0.9821635484695435,0.9876257181167603,0.9417980909347534,0.9589776992797852,0.9587242603302002
training,SkipGram,MLP,weightedL2,0.1331934928894043,0.9821183681488037,0.9865434765815735,0.9398448467254639,0.9544553160667419,0.9559916257858276
validation,SkipGram,MLP,weightedL2,0.13452056050300598,0.9830799698829651,0.9880741238594055,0.9548931121826172,0.9489598274230957,0.9595721364021301
