run,embedding_model,model,method,Loss,AUPRC,AUROC,Recall,Precision,Accuracy
training,SkipGram,MLP,hadamard,0.12038583308458327,0.9846932888031006,0.98829448223114,0.9476000666618348,0.96019846200943,0.9615798592567444
validation,SkipGram,MLP,hadamard,0.1217411532998085,0.9864521026611328,0.9904695153236388,0.9648820757865906,0.9540149569511414,0.9657911658287048
training,SkipGram,MLP,average,0.09950339794158936,0.9887992143630981,0.9924742579460144,0.9580305814743042,0.9629845023155212,0.9669756889343262
validation,SkipGram,MLP,average,0.10774748772382736,0.9892538785934448,0.9930965304374695,0.9674301147460938,0.9616544842720032,0.9701836705207825
training,SkipGram,MLP,weightedL1,0.1337352842092514,0.9820283055305481,0.9864373207092285,0.9385699033737183,0.9550142884254456,0.9557249546051025
validation,SkipGram,MLP,weightedL1,0.14061447978019714,0.9824097156524658,0.9877685904502869,0.9554551243782043,0.9474131464958191,0.9591061472892761
training,SkipGram,MLP,weightedL2,0.13311117887496948,0.9820714592933655,0.9865564107894897,0.9396738409996033,0.9546758532524109,0.9560220241546631
validation,SkipGram,MLP,weightedL2,0.13537997007369995,0.9825344085693359,0.9880029559135437,0.9551033973693848,0.9487130045890808,0.9595457911491394
